product_id,year,week,unit_price
PROD00001,2024,18,386.07
PROD00001,2024,25,396.0
PROD00001,2024,31,402.85
PROD00001,2024,45,417.54
PROD00001,2025,11,370.02
PROD00002,2023,13,114.36
PROD00002,2023,34,101.16
PROD00002,2023,43,101.84
PROD00002,2025,38,107.19
PROD00002,2025,46,110.0
PROD00002,2025,49,110.75
PROD00002,2025,50,112.32
PROD00003,2023,38,106.84
PROD00003,2024,7,108.59
PROD00003,2024,40,109.54
PROD00003,2024,46,110.0
PROD00003,2025,3,110.6
PROD00003,2025,6,113.46
PROD00003,2025,8,115.49
PROD00003,2025,18,115.59
PROD00003,2025,45,102.39
PROD00004,2024,4,225.32
PROD00004,2024,11,200.24
PROD00004,2024,34,200.77
PROD00004,2024,42,201.07
PROD00004,2024,52,207.09
PROD00004,2025,35,209.0
PROD00004,2025,41,211.09
PROD00004,2025,47,212.65
PROD00004,2025,51,217.3
PROD00005,2023,7,904.03
PROD00005,2023,9,894.1
PROD00005,2023,52,913.0
PROD00005,2024,26,897.62
PROD00005,2025,3,942.31
PROD00005,2025,4,912.2
PROD00005,2025,15,1003.66
PROD00005,2025,35,991.97
PROD00005,2025,45,913.8
PROD00006,2023,16,906.01
PROD00006,2023,29,934.31
PROD00006,2023,32,919.11
PROD00006,2024,8,903.12
PROD00006,2024,14,893.69
PROD00006,2024,17,882.03
PROD00006,2024,19,881.7
PROD00006,2024,31,906.89
PROD00006,2024,37,920.66
PROD00006,2024,45,928.65
PROD00006,2025,4,935.31
PROD00006,2025,32,879.92
PROD00006,2025,35,921.44
PROD00006,2025,36,989.48
PROD00007,2023,21,551.63
PROD00007,2023,28,551.77
PROD00007,2024,29,574.2
PROD00007,2025,11,576.75
PROD00007,2025,18,597.97
PROD00007,2025,21,620.54
PROD00007,2025,44,554.86
PROD00008,2023,6,212.75
PROD00008,2023,36,215.8
PROD00008,2024,26,217.0
PROD00008,2024,34,221.88
PROD00008,2025,3,196.8
PROD00008,2025,4,198.14
PROD00008,2025,24,201.99
PROD00008,2025,25,202.47
PROD00008,2025,51,209.0
PROD00009,2023,13,627.51
PROD00009,2023,15,558.6
PROD00009,2023,16,561.05
PROD00009,2023,30,569.04
PROD00009,2023,32,569.3
PROD00009,2023,48,571.7
PROD00009,2023,52,574.48
PROD00009,2024,36,577.91
PROD00009,2025,2,573.92
PROD00009,2025,7,584.12
PROD00009,2025,17,594.16
PROD00009,2025,19,594.02
PROD00010,2023,1,879.37
PROD00010,2023,19,899.85
PROD00010,2023,21,899.3
PROD00010,2023,22,913.0
PROD00010,2023,28,930.67
PROD00010,2023,52,935.84
PROD00010,2024,9,939.6
PROD00010,2024,25,947.03
PROD00010,2025,1,955.66
PROD00010,2025,43,846.1
PROD00010,2025,45,866.53
PROD00011,2023,8,966.94
PROD00011,2023,24,936.12
PROD00011,2023,44,981.35
PROD00011,2023,51,913.0
PROD00011,2024,5,892.56
PROD00011,2024,9,918.36
PROD00011,2024,24,871.79
PROD00011,2024,43,890.55
PROD00011,2024,49,923.72
PROD00011,2024,52,878.16
PROD00011,2025,1,915.35
PROD00011,2025,23,900.27
PROD00011,2025,33,904.96
PROD00012,2023,1,917.66
PROD00012,2023,10,967.93
PROD00012,2024,17,858.37
PROD00012,2024,18,871.13
PROD00012,2024,26,898.08
PROD00012,2024,35,896.85
PROD00012,2024,39,904.95
PROD00012,2024,40,913.0
PROD00012,2024,44,917.32
PROD00012,2025,23,928.43
PROD00012,2025,38,933.13
PROD00013,2023,3,113.03
PROD00013,2023,7,104.6
PROD00013,2023,13,106.45
PROD00013,2023,27,117.8
PROD00013,2023,46,109.31
PROD00013,2025,17,109.8
PROD00013,2025,35,110.2
PROD00013,2025,49,110.82
PROD00014,2023,6,102.36
PROD00014,2023,14,104.18
PROD00014,2023,32,106.08
PROD00014,2024,7,107.71
PROD00014,2024,15,109.42
PROD00014,2024,35,110.7
PROD00014,2024,43,110.62
PROD00014,2024,48,110.58
PROD00014,2025,22,115.56
PROD00014,2025,33,112.81
PROD00015,2023,29,401.51
PROD00015,2024,41,406.27
PROD00015,2025,7,415.13
PROD00015,2025,25,367.61
PROD00015,2025,28,396.66
PROD00015,2025,29,384.79
PROD00015,2025,32,389.52
PROD00015,2025,36,395.34
PROD00016,2023,3,405.72
PROD00016,2023,22,409.23
PROD00016,2023,30,405.12
PROD00016,2023,41,422.72
PROD00016,2023,42,409.68
PROD00016,2023,48,430.74
PROD00016,2024,7,383.22
PROD00016,2024,20,385.17
PROD00016,2024,22,390.79
PROD00016,2024,32,392.04
PROD00016,2025,18,384.82
PROD00016,2025,22,385.47
PROD00016,2025,25,394.4
PROD00016,2025,28,396.0
PROD00016,2025,29,401.01
PROD00017,2023,34,104.38
PROD00017,2024,27,107.28
PROD00017,2024,28,108.19
PROD00017,2024,30,107.92
PROD00017,2024,41,107.7
PROD00017,2024,48,110.0
PROD00017,2025,12,112.16
PROD00017,2025,16,112.51
PROD00017,2025,36,113.57
PROD00017,2025,40,113.75
PROD00017,2025,43,117.58
PROD00018,2023,8,207.42
PROD00018,2023,23,209.0
PROD00018,2023,29,212.49
PROD00018,2024,21,220.88
PROD00018,2024,25,224.28
PROD00018,2024,36,199.2
PROD00018,2025,1,202.12
PROD00019,2023,29,841.97
PROD00019,2023,30,869.96
PROD00019,2023,35,881.7
PROD00019,2023,48,905.63
PROD00019,2024,21,918.42
PROD00019,2024,28,946.26
PROD00019,2024,47,935.27
PROD00019,2025,14,951.53
PROD00019,2025,20,913.0
PROD00020,2023,10,200.24
PROD00020,2023,13,201.26
PROD00020,2023,31,203.54
PROD00020,2023,32,206.54
PROD00020,2023,37,206.42
PROD00020,2023,50,210.09
PROD00020,2024,4,211.97
PROD00020,2024,33,214.59
PROD00020,2024,37,208.64
PROD00020,2024,46,219.33
PROD00020,2025,14,207.91
PROD00020,2025,16,222.36
PROD00020,2025,32,225.32
PROD00020,2025,42,209.36
PROD00021,2023,16,380.12
PROD00021,2023,22,386.63
PROD00021,2023,29,389.76
PROD00021,2023,34,386.7
PROD00021,2024,18,402.24
PROD00021,2025,6,411.84
PROD00021,2025,7,423.66
PROD00021,2025,41,427.64
PROD00022,2023,10,227.01
PROD00022,2023,14,201.93
PROD00022,2023,16,204.43
PROD00022,2023,25,208.67
PROD00022,2023,36,207.89
PROD00022,2023,40,214.8
PROD00022,2023,44,209.75
PROD00022,2024,2,209.0
PROD00022,2024,19,217.09
PROD00022,2025,16,206.89
PROD00022,2025,21,212.61
PROD00022,2025,31,203.56
PROD00022,2025,52,211.59
PROD00023,2023,6,547.53
PROD00023,2023,29,556.33
PROD00023,2024,37,567.93
PROD00023,2024,47,574.2
PROD00023,2025,34,578.76
PROD00023,2025,42,603.9
PROD00023,2025,49,616.43
PROD00024,2023,20,203.93
PROD00024,2023,39,210.58
PROD00024,2023,40,214.07
PROD00024,2024,19,205.67
PROD00024,2024,43,211.2
PROD00024,2024,49,218.52
PROD00024,2025,4,207.42
PROD00024,2025,12,193.44
PROD00025,2023,2,830.65
PROD00025,2023,40,867.11
PROD00025,2023,42,878.16
PROD00025,2024,10,894.26
PROD00025,2024,11,913.13
PROD00025,2024,29,913.0
PROD00025,2024,31,928.71
PROD00025,2025,9,927.74
PROD00025,2025,32,940.21
PROD00026,2023,6,217.53
PROD00026,2023,25,224.47
PROD00026,2023,49,199.39
PROD00026,2023,50,212.52
PROD00026,2024,10,212.48
PROD00026,2024,17,206.25
PROD00026,2024,43,206.14
PROD00026,2024,45,208.06
PROD00026,2024,47,209.0
PROD00026,2025,6,206.02
PROD00026,2025,10,208.68
PROD00026,2025,15,212.71
PROD00026,2025,50,216.48
PROD00027,2023,42,109.4
PROD00027,2023,44,110.55
PROD00027,2023,45,110.0
PROD00027,2024,28,109.78
PROD00027,2024,33,115.13
PROD00027,2024,47,116.47
PROD00027,2025,11,110.82
PROD00027,2025,28,117.66
PROD00027,2025,33,107.26
PROD00027,2025,49,104.46
PROD00027,2025,52,106.4
PROD00028,2023,12,579.54
PROD00028,2023,13,586.31
PROD00028,2023,31,597.65
PROD00028,2023,37,597.96
PROD00028,2023,40,564.52
PROD00028,2023,47,529.06
PROD00028,2024,4,551.03
PROD00028,2024,25,561.81
PROD00028,2024,29,573.62
PROD00028,2025,18,574.78
PROD00029,2023,20,548.83
PROD00029,2023,24,554.46
PROD00029,2023,44,555.77
PROD00029,2023,45,559.93
PROD00029,2024,10,565.18
PROD00029,2024,13,568.56
PROD00029,2024,14,574.01
PROD00029,2024,23,576.34
PROD00029,2024,29,574.2
PROD00029,2024,49,581.0
PROD00029,2025,2,574.48
PROD00029,2025,20,588.16
PROD00029,2025,21,593.36
PROD00029,2025,50,602.54
PROD00029,2025,51,617.73
PROD00030,2023,1,895.5
PROD00030,2023,14,913.0
PROD00030,2023,24,922.94
PROD00030,2023,38,934.67
PROD00030,2023,44,887.95
PROD00030,2023,47,995.32
PROD00030,2024,22,907.83
PROD00030,2024,52,964.7
PROD00030,2025,5,885.76
PROD00031,2023,26,371.93
PROD00031,2023,39,391.8
PROD00031,2024,13,400.2
PROD00031,2024,17,403.78
PROD00031,2024,35,414.56
PROD00031,2025,44,367.04
PROD00032,2023,5,218.9
PROD00032,2023,14,214.94
PROD00032,2024,11,208.49
PROD00032,2024,13,208.8
PROD00032,2024,15,207.93
PROD00032,2024,25,208.07
PROD00032,2024,30,213.04
PROD00032,2024,33,194.3
PROD00032,2024,34,193.82
PROD00032,2025,1,213.41
PROD00032,2025,2,215.5
PROD00032,2025,8,206.26
PROD00032,2025,9,209.2
PROD00032,2025,25,213.89
PROD00033,2023,3,838.94
PROD00033,2023,26,893.96
PROD00033,2023,48,917.47
PROD00033,2024,42,894.66
PROD00033,2025,1,914.88
PROD00033,2025,11,948.5
PROD00033,2025,17,911.12
PROD00033,2025,31,940.51
PROD00034,2023,7,963.98
PROD00034,2023,19,965.95
PROD00034,2023,20,862.63
PROD00034,2023,43,972.19
PROD00034,2024,11,875.63
PROD00034,2024,42,880.17
PROD00034,2024,50,882.11
PROD00034,2025,4,890.05
PROD00034,2025,27,903.48
PROD00034,2025,34,922.52
PROD00034,2025,44,926.05
PROD00034,2025,46,937.14
PROD00035,2023,7,400.61
PROD00035,2023,51,359.45
PROD00035,2023,52,402.91
PROD00035,2024,2,406.97
PROD00035,2024,41,406.53
PROD00035,2024,45,368.43
PROD00035,2025,6,386.19
PROD00035,2025,29,391.39
PROD00036,2023,3,597.65
PROD00036,2023,26,528.74
PROD00036,2024,52,564.84
PROD00036,2025,44,574.2
PROD00036,2025,46,578.66
PROD00037,2023,1,416.45
PROD00037,2023,4,419.32
PROD00037,2023,11,417.49
PROD00037,2023,26,417.54
PROD00037,2023,37,425.38
PROD00037,2023,43,421.7
PROD00037,2024,11,430.83
PROD00037,2024,19,433.17
PROD00037,2024,30,435.32
PROD00037,2024,39,434.74
PROD00037,2024,42,433.22
PROD00037,2024,49,440.14
PROD00037,2025,4,447.29
PROD00037,2025,10,435.3
PROD00037,2025,13,445.16
PROD00037,2025,39,453.84
PROD00037,2025,42,402.0
PROD00037,2025,46,408.59
PROD00038,2023,5,926.93
PROD00038,2023,32,969.03
PROD00038,2023,41,976.99
PROD00038,2023,44,996.0
PROD00038,2023,50,1000.66
PROD00038,2024,11,1046.45
PROD00038,2025,1,1038.49
PROD00039,2023,24,119.89
PROD00039,2023,40,120.0
PROD00039,2023,41,121.08
PROD00039,2023,46,121.3
PROD00039,2024,17,121.33
PROD00039,2024,19,121.49
PROD00039,2024,41,111.78
PROD00039,2025,12,113.29
PROD00039,2025,15,125.31
PROD00039,2025,20,126.18
PROD00039,2025,22,115.64
PROD00039,2025,36,117.07
PROD00039,2025,52,117.55
PROD00040,2023,1,595.95
PROD00040,2023,3,605.29
PROD00040,2023,4,605.45
PROD00040,2023,10,621.04
PROD00040,2023,12,620.38
PROD00040,2023,41,627.55
PROD00040,2024,38,626.4
PROD00040,2024,48,632.71
PROD00040,2025,5,636.82
PROD00040,2025,21,636.4
PROD00040,2025,35,671.12
PROD00041,2023,27,965.04
PROD00041,2023,47,985.88
PROD00041,2024,1,987.04
PROD00041,2024,2,1010.9
PROD00041,2024,10,922.91
PROD00041,2024,24,1030.8
PROD00041,2024,25,991.58
PROD00041,2024,31,996.0
PROD00041,2024,35,1009.97
PROD00041,2025,3,1036.5
PROD00041,2025,48,1042.43
PROD00042,2023,12,893.57
PROD00042,2023,52,935.18
PROD00042,2024,32,970.1
PROD00042,2024,40,1001.37
PROD00042,2025,12,1004.88
PROD00042,2025,15,1013.09
PROD00042,2025,21,996.0
PROD00043,2023,3,601.14
PROD00043,2023,25,624.76
PROD00043,2024,39,611.2
PROD00043,2024,48,630.3
PROD00043,2025,36,676.31
PROD00043,2025,40,628.04
PROD00044,2023,5,1010.61
PROD00044,2023,16,903.23
PROD00044,2024,39,1018.94
PROD00044,2024,41,1022.75
PROD00044,2024,46,962.45
PROD00044,2024,47,975.58
PROD00044,2025,29,988.47
PROD00044,2025,49,1003.53
PROD00045,2024,2,233.17
PROD00045,2024,21,241.41
PROD00045,2024,37,227.29
PROD00045,2024,49,214.05
PROD00045,2025,3,223.15
PROD00045,2025,12,226.68
PROD00045,2025,24,228.71
PROD00045,2025,41,230.62
PROD00046,2023,17,1018.35
PROD00046,2024,25,928.63
PROD00046,2024,26,1048.15
PROD00046,2024,37,969.79
PROD00046,2024,48,981.71
PROD00046,2025,5,994.68
PROD00046,2025,24,997.32
PROD00046,2025,44,1015.12
PROD00047,2023,6,113.57
PROD00047,2023,8,116.9
PROD00047,2023,11,117.92
PROD00047,2023,14,119.28
PROD00047,2023,52,120.0
PROD00047,2024,8,123.05
PROD00047,2024,46,123.35
PROD00047,2025,29,125.02
PROD00047,2025,50,127.97
PROD00048,2023,8,123.19
PROD00048,2023,16,129.39
PROD00048,2023,22,114.99
PROD00048,2023,46,115.51
PROD00048,2023,51,115.69
PROD00048,2024,48,118.25
PROD00048,2025,6,120.0
PROD00048,2025,11,120.96
PROD00048,2025,31,121.57
PROD00049,2023,19,964.83
PROD00049,2023,47,972.06
PROD00049,2024,9,970.0
PROD00049,2024,11,981.16
PROD00049,2024,31,1010.84
PROD00049,2024,48,1014.21
PROD00049,2025,5,1017.51
PROD00049,2025,26,1038.9
PROD00049,2025,40,1066.08
PROD00049,2025,48,946.56
PROD00050,2023,50,212.06
PROD00050,2024,8,217.47
PROD00050,2024,25,217.98
PROD00050,2024,31,225.52
PROD00050,2024,38,228.0
PROD00050,2024,52,234.11
PROD00050,2025,1,237.98
PROD00050,2025,15,236.32
PROD00050,2025,34,228.35
PROD00050,2025,40,225.91
PROD00050,2025,49,239.42
PROD00051,2023,30,223.0
PROD00051,2023,32,227.16
PROD00051,2023,38,228.84
PROD00051,2024,17,229.47
PROD00051,2024,25,212.8
PROD00051,2024,26,237.44
PROD00051,2025,3,216.98
PROD00051,2025,29,240.16
PROD00052,2023,19,123.26
PROD00052,2023,24,126.55
PROD00052,2023,27,126.57
PROD00052,2023,40,112.17
PROD00052,2025,10,113.28
PROD00052,2025,11,117.39
PROD00052,2025,31,118.66
PROD00052,2025,36,119.76
PROD00052,2025,41,120.24
PROD00052,2025,47,123.77
PROD00053,2023,7,649.37
PROD00053,2023,21,651.91
PROD00053,2023,36,626.46
PROD00053,2024,1,681.84
PROD00053,2024,4,611.8
PROD00053,2024,7,614.46
PROD00053,2024,30,686.97
PROD00053,2024,37,612.94
PROD00053,2025,19,622.71
PROD00053,2025,42,626.34
PROD00053,2025,46,625.89
PROD00053,2025,48,640.9
PROD00054,2023,6,112.75
PROD00054,2023,8,125.15
PROD00054,2023,30,120.04
PROD00054,2023,49,126.35
PROD00054,2024,4,116.35
PROD00054,2024,10,119.72
PROD00054,2024,12,122.36
PROD00054,2024,21,119.96
PROD00054,2024,30,111.95
PROD00054,2025,13,122.17
PROD00055,2023,6,112.93
PROD00055,2023,33,117.17
PROD00055,2024,8,117.56
PROD00055,2024,10,118.51
PROD00055,2024,29,116.93
PROD00055,2024,42,120.0
PROD00055,2025,14,120.65
PROD00055,2025,20,121.52
PROD00055,2025,27,123.25
PROD00055,2025,36,123.64
PROD00055,2025,47,127.33
PROD00056,2023,17,1005.14
PROD00056,2023,32,1009.07
PROD00056,2023,36,943.92
PROD00056,2023,43,1023.07
PROD00056,2023,50,1023.65
PROD00056,2023,52,1027.45
PROD00056,2024,2,992.13
PROD00056,2024,22,960.24
PROD00056,2024,28,961.66
PROD00056,2024,31,964.97
PROD00056,2024,33,968.13
PROD00056,2024,42,1053.17
PROD00056,2025,17,985.69
PROD00056,2025,24,989.78
PROD00056,2025,30,1063.44
PROD00056,2025,49,999.87
PROD00057,2023,19,216.63
PROD00057,2024,34,219.93
PROD00057,2024,43,223.77
PROD00057,2024,50,228.38
PROD00057,2025,13,235.92
PROD00057,2025,17,227.62
PROD00057,2025,19,243.99
PROD00057,2025,38,235.07
PROD00058,2023,14,114.44
PROD00058,2023,15,115.47
PROD00058,2023,28,117.15
PROD00058,2023,35,118.44
PROD00058,2023,41,119.46
PROD00058,2023,42,120.49
PROD00058,2024,3,120.91
PROD00058,2024,5,120.98
PROD00058,2024,39,119.51
PROD00058,2024,50,124.56
PROD00058,2025,7,126.84
PROD00058,2025,30,128.84
PROD00059,2023,9,952.48
PROD00059,2023,50,967.39
PROD00059,2024,2,959.84
PROD00059,2024,7,980.99
PROD00059,2024,17,1022.91
PROD00059,2025,8,1011.58
PROD00059,2025,13,1066.33
PROD00059,2025,26,1011.01
PROD00059,2025,29,1011.39
PROD00059,2025,49,946.81
PROD00060,2023,41,222.06
PROD00060,2023,44,224.58
PROD00060,2025,4,227.13
PROD00060,2025,6,228.0
PROD00060,2025,16,231.81
PROD00060,2025,36,242.69
PROD00060,2025,47,249.42
PROD00061,2023,7,235.07
PROD00061,2023,43,247.6
PROD00061,2023,45,228.22
PROD00061,2024,3,220.24
PROD00061,2025,25,225.09
PROD00061,2025,29,227.78
PROD00062,2023,5,630.43
PROD00062,2023,15,633.07
PROD00062,2023,43,635.5
PROD00062,2024,12,646.96
PROD00062,2024,27,657.59
PROD00062,2024,32,636.61
PROD00062,2025,15,582.42
PROD00062,2025,27,590.41
PROD00062,2025,40,597.5
PROD00062,2025,43,604.86
PROD00062,2025,44,612.37
PROD00062,2025,46,622.37
PROD00063,2023,19,626.4
PROD00063,2023,47,637.7
PROD00063,2024,1,646.8
PROD00063,2024,34,584.2
PROD00063,2024,43,585.34
PROD00063,2025,5,659.37
PROD00063,2025,18,594.76
PROD00064,2023,1,245.45
PROD00064,2023,12,218.09
PROD00064,2023,36,224.19
PROD00064,2024,46,231.81
PROD00065,2023,12,384.09
PROD00065,2023,19,386.67
PROD00065,2023,25,390.0
PROD00065,2023,32,392.89
PROD00065,2023,35,394.8
PROD00065,2023,45,359.29
PROD00065,2024,11,360.42
PROD00065,2024,25,398.78
PROD00065,2025,1,363.98
PROD00065,2025,2,366.54
PROD00065,2025,5,404.89
PROD00065,2025,15,370.42
PROD00065,2025,25,374.14
PROD00065,2025,47,375.91
PROD00066,2023,6,357.18
PROD00066,2023,10,401.57
PROD00066,2023,34,402.78
PROD00066,2024,15,367.6
PROD00066,2024,52,376.26
PROD00066,2025,8,377.83
PROD00066,2025,29,382.17
PROD00066,2025,41,382.53
PROD00067,2023,9,353.42
PROD00067,2023,20,362.78
PROD00067,2024,10,364.07
PROD00067,2024,18,367.21
PROD00067,2024,24,380.19
PROD00067,2024,28,381.5
PROD00067,2025,6,379.81
PROD00067,2025,23,387.89
PROD00067,2025,28,393.98
PROD00067,2025,32,399.02
PROD00068,2023,13,373.56
PROD00068,2023,24,393.32
PROD00068,2023,29,377.16
PROD00068,2023,34,378.34
PROD00068,2024,17,380.0
PROD00068,2024,24,397.46
PROD00068,2024,34,415.67
PROD00068,2024,44,386.06
PROD00068,2025,6,370.07
PROD00069,2023,11,2132.53
PROD00069,2023,18,1894.5
PROD00069,2023,24,1913.08
PROD00069,2024,10,1942.62
PROD00069,2024,16,1946.7
PROD00069,2024,51,1976.35
PROD00069,2025,4,1988.06
PROD00069,2025,7,1979.14
PROD00069,2025,8,1989.24
PROD00069,2025,23,2044.88
PROD00069,2025,37,2074.2
PROD00069,2025,40,2091.5
PROD00070,2023,34,3172.47
PROD00070,2023,49,3278.42
PROD00070,2024,6,3197.78
PROD00070,2024,27,3006.69
PROD00070,2024,29,2921.57
PROD00070,2024,42,3300.05
PROD00070,2024,47,3117.47
PROD00070,2024,50,3119.36
PROD00070,2025,21,3135.85
PROD00070,2025,24,3137.65
PROD00070,2025,36,3244.84
PROD00070,2025,40,3154.0
PROD00070,2025,50,3160.84
PROD00071,2023,2,1277.72
PROD00071,2023,37,1358.68
PROD00071,2023,46,1441.88
PROD00071,2023,48,1368.0
PROD00071,2024,15,1379.25
PROD00071,2025,25,1307.81
PROD00071,2025,51,1400.43
PROD00072,2023,9,1386.88
PROD00072,2023,14,1393.5
PROD00072,2023,16,1397.31
PROD00072,2023,40,1412.51
PROD00072,2023,45,1272.58
PROD00072,2024,6,1436.74
PROD00072,2024,8,1320.04
PROD00072,2024,20,1342.91
PROD00072,2025,9,1341.59
PROD00072,2025,25,1360.2
PROD00072,2025,42,1368.0
PROD00073,2023,8,1833.77
PROD00073,2023,13,1845.0
PROD00073,2023,20,1914.3
PROD00073,2023,24,1924.86
PROD00073,2023,33,1953.12
PROD00073,2023,44,1970.15
PROD00073,2024,6,1983.6
PROD00073,2024,10,2008.8
PROD00073,2024,30,1982.24
PROD00073,2024,39,2000.29
PROD00073,2024,47,2028.38
PROD00073,2024,49,1996.88
PROD00073,2025,13,2069.24
PROD00073,2025,32,1996.71
PROD00073,2025,49,2071.8
PROD00074,2024,3,2037.03
PROD00074,2024,5,1918.75
PROD00074,2024,30,1799.0
PROD00074,2025,29,1983.6
PROD00074,2025,52,2005.2
PROD00075,2023,2,3270.22
PROD00075,2023,10,3154.0
PROD00075,2023,26,3170.79
PROD00075,2024,14,3055.06
PROD00075,2024,32,3433.54
PROD00075,2025,23,3072.94
PROD00075,2025,39,3076.05
PROD00075,2025,49,3257.41
PROD00075,2025,51,3093.71
PROD00076,2023,23,1306.22
PROD00076,2023,34,1329.4
PROD00076,2024,22,1368.0
PROD00076,2025,12,1384.75
PROD00076,2025,43,1470.38
PROD00077,2023,13,133.5
PROD00077,2023,16,134.18
PROD00077,2023,18,119.06
PROD00077,2023,40,120.1
PROD00077,2023,50,123.47
PROD00077,2024,13,125.39
PROD00077,2024,31,126.22
PROD00077,2025,14,126.0
PROD00077,2025,27,126.9
PROD00078,2023,14,274.27
PROD00078,2024,13,284.48
PROD00078,2024,32,290.29
PROD00078,2024,37,309.13
PROD00078,2024,44,298.36
PROD00078,2024,47,294.26
PROD00078,2025,18,286.74
PROD00078,2025,23,275.41
PROD00078,2025,37,290.71
PROD00078,2025,41,292.7
PROD00079,2023,10,36.25
PROD00079,2023,41,35.0
PROD00079,2023,49,33.51
PROD00079,2024,3,34.21
PROD00079,2024,35,34.62
PROD00079,2025,5,34.91
PROD00079,2025,8,35.16
PROD00079,2025,9,37.71
PROD00079,2025,12,35.1
PROD00080,2023,1,33.38
PROD00080,2024,17,34.85
PROD00080,2024,30,35.29
PROD00080,2024,45,34.56
PROD00080,2024,49,37.58
PROD00080,2024,50,35.65
PROD00080,2025,7,35.04
PROD00080,2025,27,34.87
PROD00080,2025,33,37.32
PROD00080,2025,52,34.96
PROD00081,2023,14,122.78
PROD00081,2023,25,123.25
PROD00081,2023,39,123.27
PROD00081,2023,43,125.33
PROD00081,2024,40,122.96
PROD00081,2024,51,126.67
PROD00081,2024,52,128.01
PROD00081,2025,6,128.41
PROD00081,2025,10,127.71
PROD00081,2025,24,131.72
PROD00081,2025,28,135.2
PROD00081,2025,40,120.08
PROD00082,2023,6,68.59
PROD00082,2023,14,67.65
PROD00082,2023,15,71.04
PROD00082,2023,40,71.69
PROD00082,2024,19,63.71
PROD00082,2024,22,64.38
PROD00082,2025,18,64.41
PROD00082,2025,26,65.35
PROD00083,2023,2,117.31
PROD00083,2023,7,119.84
PROD00083,2023,9,121.27
PROD00083,2023,16,122.56
PROD00083,2023,39,125.51
PROD00083,2024,8,126.0
PROD00083,2025,2,126.15
PROD00083,2025,17,130.11
PROD00083,2025,20,126.57
PROD00083,2025,25,132.43
PROD00083,2025,36,127.85
PROD00084,2023,6,118.68
PROD00084,2023,20,133.8
PROD00084,2023,30,126.48
PROD00084,2023,35,125.52
PROD00084,2024,3,118.78
PROD00084,2024,25,122.05
PROD00084,2024,31,121.57
PROD00084,2024,45,129.08
PROD00084,2025,18,127.06
PROD00084,2025,24,132.36
PROD00085,2023,12,62.54
PROD00085,2024,3,64.08
PROD00085,2024,17,64.8
PROD00085,2024,22,66.5
PROD00085,2024,24,66.9
PROD00085,2024,44,69.22
PROD00085,2025,2,68.94
PROD00085,2025,21,70.52
PROD00085,2025,26,62.72
PROD00086,2023,14,181.0
PROD00086,2023,20,169.67
PROD00086,2023,23,175.84
PROD00086,2023,32,177.34
PROD00086,2023,37,177.82
PROD00086,2023,46,182.52
PROD00086,2024,17,184.35
PROD00086,2024,27,189.51
PROD00086,2024,41,182.7
PROD00086,2024,52,185.04
PROD00086,2025,5,188.31
PROD00086,2025,13,182.09
PROD00086,2025,22,189.46
PROD00086,2025,38,183.82
PROD00086,2025,44,176.07
PROD00086,2025,48,191.59
PROD00086,2025,49,188.09
PROD00087,2023,5,33.29
PROD00087,2023,11,33.34
PROD00087,2023,12,34.23
PROD00087,2023,16,34.53
PROD00087,2023,43,34.73
PROD00087,2024,5,34.68
PROD00087,2024,11,34.97
PROD00087,2024,26,35.1
PROD00087,2024,28,35.03
PROD00087,2024,33,35.71
PROD00087,2024,44,35.7
PROD00087,2025,37,36.23
PROD00087,2025,44,36.81
PROD00087,2025,50,37.49
PROD00088,2023,21,122.88
PROD00088,2023,24,123.82
PROD00088,2023,30,125.24
PROD00088,2023,47,126.0
PROD00088,2024,6,126.07
PROD00088,2024,14,127.53
PROD00088,2024,27,128.6
PROD00088,2024,32,128.84
PROD00088,2025,17,131.54
PROD00088,2025,25,134.4
PROD00088,2025,41,119.28
PROD00088,2025,42,120.49
PROD00088,2025,44,121.33
PROD00089,2023,7,62.9
PROD00089,2023,10,64.45
PROD00089,2023,11,65.35
PROD00089,2023,35,66.5
PROD00089,2023,42,67.11
PROD00089,2023,44,66.64
PROD00089,2024,16,67.36
PROD00089,2024,39,68.18
PROD00089,2025,25,68.86
PROD00089,2025,43,60.88
PROD00089,2025,51,62.12
PROD00090,2023,3,32.5
PROD00090,2023,5,34.14
PROD00090,2023,25,33.83
PROD00090,2024,6,34.68
PROD00090,2024,44,35.0
PROD00090,2025,40,35.66
PROD00090,2025,42,35.75
PROD00090,2025,44,36.7
PROD00090,2025,50,36.4
PROD00091,2023,1,38.27
PROD00091,2023,5,34.6
PROD00091,2023,10,34.07
PROD00091,2023,26,34.79
PROD00091,2024,4,36.37
PROD00091,2024,19,35.0
PROD00091,2024,41,36.18
PROD00091,2024,50,35.17
PROD00091,2025,48,34.35
PROD00092,2023,14,62.75
PROD00092,2023,16,63.53
PROD00092,2023,24,64.75
PROD00092,2023,26,65.39
PROD00092,2023,31,66.37
PROD00092,2023,32,66.69
PROD00092,2024,2,66.52
PROD00092,2024,3,66.48
PROD00092,2024,5,67.96
PROD00092,2024,8,68.82
PROD00092,2024,44,68.78
PROD00092,2025,38,70.73
PROD00093,2023,10,37.77
PROD00093,2023,29,33.57
PROD00093,2024,43,34.11
PROD00093,2024,45,34.5
PROD00093,2024,52,35.0
PROD00093,2025,6,35.48
PROD00093,2025,37,36.13
PROD00094,2023,17,69.7
PROD00094,2024,2,63.33
PROD00094,2024,6,64.38
PROD00094,2024,8,64.9
PROD00094,2024,11,64.91
PROD00094,2024,12,66.76
PROD00094,2024,19,66.42
PROD00094,2024,32,66.58
PROD00094,2024,36,65.05
PROD00094,2025,5,69.19
PROD00094,2025,39,70.03
PROD00094,2025,49,71.31
PROD00095,2023,5,171.41
PROD00095,2023,10,191.21
PROD00095,2023,24,177.73
PROD00095,2023,41,183.72
PROD00095,2023,44,179.0
PROD00095,2024,1,182.7
PROD00095,2024,20,183.66
PROD00095,2024,22,184.4
PROD00095,2025,12,178.34
PROD00095,2025,25,181.49
PROD00095,2025,42,182.29
PROD00095,2025,44,184.65
PROD00095,2025,48,193.34
PROD00096,2023,3,61.21
PROD00096,2023,4,61.71
PROD00096,2023,5,62.51
PROD00096,2023,25,63.57
PROD00096,2023,49,66.31
PROD00096,2024,15,66.5
PROD00096,2024,50,68.34
PROD00096,2024,51,68.64
PROD00096,2025,5,69.09
PROD00096,2025,8,69.19
PROD00096,2025,37,68.09
PROD00097,2023,28,62.48
PROD00097,2023,38,62.16
PROD00097,2024,33,63.39
PROD00097,2024,34,65.13
PROD00097,2024,35,66.5
PROD00097,2024,52,67.32
PROD00097,2025,8,67.59
PROD00097,2025,21,70.14
PROD00097,2025,44,69.51
PROD00098,2023,8,179.28
PROD00098,2023,11,182.7
PROD00098,2023,23,185.04
PROD00098,2023,26,187.48
PROD00098,2023,27,184.09
PROD00098,2023,32,191.4
PROD00098,2024,3,191.16
PROD00098,2024,5,169.48
PROD00098,2024,16,173.11
PROD00098,2025,45,171.56
PROD00098,2025,47,171.87
PROD00099,2023,39,120.44
PROD00099,2023,51,125.33
PROD00099,2024,5,131.11
PROD00099,2024,8,123.78
PROD00099,2024,38,126.67
PROD00099,2024,39,122.22
PROD00099,2025,1,127.78
PROD00099,2025,5,132.67
PROD00099,2025,14,125.11
PROD00099,2025,51,135.56
PROD00100,2024,15,33.46
PROD00100,2024,33,34.5
PROD00100,2024,51,36.51
PROD00100,2025,9,36.15
PROD00100,2025,21,37.66
PROD00100,2025,32,34.72
PROD00100,2025,40,35.0
PROD00101,2023,9,368.0
PROD00101,2023,41,377.37
PROD00101,2024,5,383.48
PROD00101,2025,2,377.78
PROD00101,2025,15,338.66
PROD00101,2025,17,363.52
PROD00101,2025,18,369.63
PROD00101,2025,38,380.22
PROD00102,2024,15,389.93
PROD00102,2024,16,404.17
PROD00102,2024,32,363.25
PROD00102,2024,36,373.5
PROD00102,2024,37,359.35
PROD00102,2025,36,362.11
PROD00102,2025,42,376.35
PROD00103,2023,11,234.63
PROD00103,2023,16,236.86
PROD00103,2023,21,234.9
PROD00103,2023,28,233.78
PROD00103,2023,30,242.37
PROD00103,2023,43,232.28
PROD00103,2024,5,246.41
PROD00103,2025,30,236.75
PROD00103,2025,42,243.03
PROD00103,2025,48,218.23
PROD00103,2025,52,230.24
PROD00104,2023,11,150.28
PROD00104,2023,28,154.05
PROD00104,2023,35,158.09
PROD00104,2023,41,157.53
PROD00104,2024,5,162.55
PROD00104,2024,25,164.82
PROD00104,2024,36,165.47
PROD00104,2024,51,169.72
PROD00104,2025,7,167.88
PROD00104,2025,26,158.87
PROD00104,2025,27,163.45
PROD00104,2025,44,161.45
PROD00104,2025,45,157.41
PROD00104,2025,49,168.0
PROD00105,2023,11,384.08
PROD00105,2023,19,385.79
PROD00105,2023,35,344.3
PROD00105,2023,52,344.05
PROD00105,2024,9,361.94
PROD00105,2024,14,367.9
PROD00105,2024,26,374.26
PROD00105,2024,32,372.74
PROD00105,2024,39,374.8
PROD00105,2024,48,388.87
PROD00106,2023,16,44.4
PROD00106,2023,39,43.99
PROD00106,2024,47,45.83
PROD00106,2025,7,46.33
PROD00106,2025,10,41.46
PROD00106,2025,16,43.78
PROD00106,2025,21,45.0
PROD00106,2025,36,45.76
PROD00106,2025,38,46.86
PROD00107,2023,37,151.03
PROD00107,2023,43,158.24
PROD00107,2024,5,161.74
PROD00107,2024,24,168.11
PROD00107,2025,9,158.97
PROD00107,2025,14,162.26
PROD00107,2025,24,164.98
PROD00107,2025,45,170.47
PROD00108,2023,19,219.88
PROD00108,2023,24,226.25
PROD00108,2023,41,224.98
PROD00108,2024,19,233.42
PROD00108,2024,25,235.14
PROD00108,2024,29,234.9
PROD00108,2025,20,241.54
PROD00108,2025,24,234.79
PROD00108,2025,26,245.42
PROD00108,2025,27,245.34
PROD00108,2025,30,248.07
PROD00109,2023,13,231.59
PROD00109,2023,16,235.84
PROD00109,2023,28,233.74
PROD00109,2023,29,235.18
PROD00109,2023,31,235.51
PROD00109,2023,37,227.62
PROD00109,2023,44,227.23
PROD00109,2024,5,234.29
PROD00109,2024,16,218.52
PROD00109,2024,18,234.62
PROD00109,2024,26,238.32
PROD00109,2024,38,241.57
PROD00109,2024,41,246.7
PROD00109,2024,46,222.76
PROD00109,2025,2,238.43
PROD00109,2025,19,239.09
PROD00110,2023,24,230.29
PROD00110,2023,32,241.26
PROD00110,2023,34,239.64
PROD00110,2023,43,225.42
PROD00110,2024,22,231.16
PROD00110,2024,23,234.53
PROD00110,2024,31,245.38
PROD00110,2024,41,232.78
PROD00110,2025,6,242.88
PROD00110,2025,11,230.91
PROD00110,2025,25,234.9
PROD00110,2025,37,253.61
PROD00110,2025,41,241.39
PROD00111,2023,3,86.4
PROD00111,2023,20,87.87
PROD00111,2023,42,87.65
PROD00111,2024,2,86.47
PROD00111,2024,20,88.24
PROD00111,2024,51,88.28
PROD00111,2025,9,78.02
PROD00111,2025,20,80.14
PROD00111,2025,21,78.11
PROD00111,2025,26,85.5
PROD00111,2025,31,80.01
PROD00111,2025,35,82.44
PROD00111,2025,42,84.69
PROD00112,2023,8,219.93
PROD00112,2024,1,226.24
PROD00112,2024,2,235.1
PROD00112,2024,3,234.36
PROD00112,2024,34,229.73
PROD00112,2024,46,248.12
PROD00112,2024,47,234.9
PROD00112,2025,27,238.59
PROD00112,2025,32,238.99
PROD00113,2023,7,85.75
PROD00113,2023,10,85.98
PROD00113,2023,12,80.09
PROD00113,2023,17,79.58
PROD00113,2023,39,81.15
PROD00113,2023,46,83.92
PROD00113,2024,34,84.58
PROD00113,2024,46,83.84
PROD00113,2024,49,85.9
PROD00113,2025,2,87.04
PROD00113,2025,23,85.5
PROD00113,2025,27,88.33
PROD00113,2025,51,89.84
PROD00114,2023,5,41.94
PROD00114,2023,11,42.76
PROD00114,2023,19,43.76
PROD00114,2023,23,44.3
PROD00114,2024,11,44.86
PROD00114,2024,15,45.24
PROD00114,2024,52,45.32
PROD00114,2025,3,46.1
PROD00114,2025,22,45.14
PROD00114,2025,47,47.34
PROD00115,2023,9,91.15
PROD00115,2023,10,80.89
PROD00115,2024,24,85.22
PROD00115,2024,37,85.78
PROD00116,2023,11,79.58
PROD00116,2023,13,82.14
PROD00116,2023,38,83.03
PROD00116,2023,39,84.35
PROD00116,2024,4,84.89
PROD00116,2024,28,85.74
PROD00116,2024,38,86.34
PROD00116,2024,39,85.8
PROD00116,2025,12,87.98
PROD00116,2025,38,88.15
PROD00116,2025,39,89.84
PROD00116,2025,51,85.26
PROD00117,2023,41,220.11
PROD00117,2023,43,221.9
PROD00117,2024,15,230.77
PROD00117,2024,17,232.41
PROD00117,2024,44,237.39
PROD00117,2024,49,242.77
PROD00117,2025,5,238.12
PROD00117,2025,16,248.3
PROD00118,2023,11,222.53
PROD00118,2023,12,228.78
PROD00118,2023,17,226.18
PROD00118,2024,10,234.9
PROD00118,2024,17,237.85
PROD00118,2024,21,250.65
PROD00118,2024,28,245.37
PROD00118,2024,29,238.91
PROD00118,2024,40,232.72
PROD00118,2024,50,229.0
PROD00118,2025,9,234.34
PROD00118,2025,21,250.72
PROD00118,2025,40,242.98
PROD00119,2023,11,42.79
PROD00119,2023,28,43.23
PROD00119,2023,41,43.26
PROD00119,2023,42,43.94
PROD00119,2023,45,44.89
PROD00119,2023,46,45.42
PROD00119,2024,28,45.46
PROD00119,2024,33,45.11
PROD00119,2025,12,46.88
PROD00119,2025,42,48.19
PROD00120,2023,39,347.87
PROD00120,2023,40,363.83
PROD00120,2023,44,373.5
PROD00120,2023,49,377.53
PROD00120,2024,33,371.84
PROD00120,2024,34,390.22
PROD00120,2024,45,392.69
PROD00121,2023,11,164.92
PROD00121,2023,16,161.09
PROD00121,2023,30,152.27
PROD00121,2023,31,171.47
PROD00121,2023,48,154.27
PROD00121,2024,11,157.53
PROD00121,2024,38,157.9
PROD00121,2024,40,159.02
PROD00121,2025,14,160.98
PROD00121,2025,28,161.3
PROD00122,2023,31,1280.25
PROD00122,2024,6,1279.53
PROD00122,2024,22,1297.52
PROD00122,2024,39,1328.0
PROD00122,2025,21,1332.05
PROD00122,2025,34,1334.05
PROD00122,2025,45,1366.09
PROD00122,2025,46,1402.74
PROD00122,2025,50,1243.38
PROD00123,2024,6,1293.72
PROD00123,2024,18,1308.97
PROD00123,2024,46,1328.0
PROD00123,2025,22,1400.63
PROD00123,2025,25,1416.61
PROD00123,2025,30,1422.57
PROD00123,2025,33,1263.21
PROD00124,2023,19,140.0
PROD00124,2023,20,124.04
PROD00124,2023,36,125.2
PROD00124,2024,1,131.56
PROD00124,2025,10,133.0
PROD00124,2025,11,134.6
PROD00124,2025,14,137.86
PROD00125,2023,24,235.91
PROD00125,2023,26,241.27
PROD00125,2023,44,248.34
PROD00125,2024,4,249.93
PROD00125,2024,10,252.42
PROD00125,2024,23,256.42
PROD00125,2024,32,253.52
PROD00125,2024,44,253.87
PROD00125,2024,45,266.15
PROD00125,2025,2,255.75
PROD00125,2025,6,249.23
PROD00125,2025,28,251.58
PROD00126,2023,17,283.63
PROD00126,2023,46,291.75
PROD00126,2024,27,299.87
PROD00126,2025,13,304.0
PROD00126,2025,14,304.27
PROD00126,2025,17,320.11
PROD00126,2025,38,305.02
PROD00127,2023,31,576.0
PROD00127,2023,32,581.52
PROD00127,2023,35,587.44
PROD00127,2023,39,601.31
PROD00127,2024,20,532.19
PROD00127,2024,24,545.36
PROD00127,2025,52,561.53
PROD00128,2023,1,592.19
PROD00128,2024,8,608.68
PROD00128,2024,12,607.73
PROD00128,2024,15,539.56
PROD00128,2024,22,545.04
PROD00128,2024,45,553.05
PROD00128,2024,48,564.47
PROD00128,2025,10,576.0
PROD00128,2025,14,578.92
PROD00129,2023,22,287.45
PROD00129,2023,37,290.42
PROD00129,2024,30,291.08
PROD00129,2024,50,304.39
PROD00129,2025,1,308.39
PROD00129,2025,9,318.79
PROD00129,2025,25,303.61
PROD00129,2025,47,323.93
PROD00130,2023,4,300.97
PROD00130,2023,33,304.04
PROD00130,2023,34,304.92
PROD00130,2023,50,303.96
PROD00130,2024,7,308.98
PROD00130,2025,17,321.77
PROD00130,2025,19,285.29
PROD00130,2025,52,295.52
PROD00131,2023,2,289.62
PROD00131,2023,26,257.22
PROD00131,2023,27,261.42
PROD00131,2023,29,261.9
PROD00131,2023,36,262.89
PROD00131,2023,39,264.3
PROD00131,2024,3,262.39
PROD00131,2024,4,267.29
PROD00131,2024,24,270.0
PROD00131,2024,35,271.16
PROD00131,2024,44,271.04
PROD00131,2025,9,270.61
PROD00131,2025,14,270.03
PROD00131,2025,15,275.49
PROD00131,2025,19,273.12
PROD00132,2023,46,152.17
PROD00132,2024,26,154.34
PROD00132,2024,29,156.52
PROD00132,2024,30,157.21
PROD00132,2024,37,158.78
PROD00132,2024,50,162.32
PROD00132,2025,4,163.02
PROD00132,2025,12,157.95
PROD00132,2025,25,167.41
PROD00132,2025,29,161.22
PROD00132,2025,32,170.94
PROD00132,2025,43,171.37
PROD00133,2023,38,1356.9
PROD00133,2023,50,1369.11
PROD00133,2024,6,1362.09
PROD00133,2024,8,1333.8
PROD00133,2024,22,1390.99
PROD00133,2024,38,1231.63
PROD00133,2024,39,1257.68
PROD00133,2024,48,1328.0
PROD00133,2025,22,1287.91
PROD00133,2025,38,1289.02
PROD00133,2025,41,1314.87
PROD00133,2025,43,1322.3
PROD00133,2025,47,1335.02
PROD00134,2023,8,339.0
PROD00134,2023,11,343.93
PROD00134,2023,23,353.08
PROD00134,2023,27,360.73
PROD00134,2023,31,365.4
PROD00134,2023,36,371.56
PROD00134,2023,37,379.86
PROD00134,2023,45,381.16
PROD00134,2024,37,376.56
PROD00134,2025,2,382.85
PROD00134,2025,29,348.67
PROD00135,2023,47,381.38
PROD00135,2023,48,383.94
PROD00135,2023,51,384.36
PROD00135,2024,5,390.0
PROD00135,2024,7,393.0
PROD00135,2024,25,397.8
PROD00135,2024,34,396.65
PROD00135,2024,47,401.53
PROD00135,2025,1,403.33
PROD00135,2025,12,356.35
PROD00136,2023,30,286.81
PROD00136,2023,31,295.36
PROD00136,2023,52,304.0
PROD00136,2024,8,315.26
PROD00136,2024,11,317.18
PROD00136,2024,30,323.29
PROD00136,2025,26,290.04
PROD00137,2023,23,282.13
PROD00137,2023,28,269.27
PROD00137,2023,42,270.31
PROD00137,2023,47,270.72
PROD00137,2023,49,270.67
PROD00137,2023,52,285.12
PROD00137,2024,10,259.02
PROD00137,2024,22,259.32
PROD00137,2024,34,287.25
PROD00137,2024,48,288.68
PROD00137,2025,6,277.87
PROD00137,2025,16,291.91
PROD00137,2025,22,292.29
PROD00137,2025,51,292.62
PROD00138,2023,30,553.95
PROD00138,2023,37,526.19
PROD00138,2023,39,501.32
PROD00138,2023,42,532.0
PROD00138,2024,14,534.22
PROD00138,2024,15,565.16
PROD00138,2024,49,508.97
PROD00138,2025,7,541.82
PROD00138,2025,14,542.97
PROD00138,2025,23,518.74
PROD00138,2025,47,522.0
PROD00139,2023,19,1447.69
PROD00139,2023,24,1345.07
PROD00139,2024,21,1475.51
PROD00139,2024,30,1365.38
PROD00139,2024,33,1488.81
PROD00139,2025,5,1492.1
PROD00139,2025,14,1363.3
PROD00139,2025,24,1517.61
PROD00139,2025,50,1520.46
PROD00139,2025,51,1411.58
PROD00140,2023,21,514.78
PROD00140,2023,26,532.65
PROD00140,2023,27,569.03
PROD00140,2023,30,518.36
PROD00140,2023,45,536.33
PROD00140,2023,51,505.19
PROD00140,2024,51,558.5
PROD00140,2025,3,526.6
PROD00140,2025,25,564.98
PROD00140,2025,35,531.35
PROD00141,2023,15,1007.41
PROD00141,2023,21,1008.59
PROD00141,2024,15,1043.15
PROD00141,2024,49,1019.06
PROD00141,2025,12,965.51
PROD00141,2025,14,998.39
PROD00141,2025,25,1000.52
PROD00141,2025,37,1086.47
PROD00142,2023,4,1411.51
PROD00142,2023,13,1586.9
PROD00142,2023,18,1436.16
PROD00142,2023,38,1450.3
PROD00142,2023,52,1454.84
PROD00142,2024,1,1461.6
PROD00142,2024,14,1464.82
PROD00142,2024,36,1457.48
PROD00142,2025,13,1480.81
PROD00142,2025,15,1486.51
PROD00142,2025,47,1501.56
PROD00143,2023,11,1024.18
PROD00143,2023,15,966.92
PROD00143,2023,21,1039.72
PROD00143,2023,23,1054.77
PROD00143,2023,35,990.05
PROD00143,2023,36,997.4
PROD00143,2023,46,933.81
PROD00143,2024,20,1007.27
PROD00143,2024,49,1008.0
PROD00143,2025,34,1010.83
PROD00143,2025,49,1018.07
PROD00144,2023,8,1390.43
PROD00144,2023,18,1402.38
PROD00144,2023,25,1405.12
PROD00144,2023,27,1404.12
PROD00144,2023,36,1433.56
PROD00144,2023,41,1457.19
PROD00144,2024,12,1466.01
PROD00144,2024,33,1491.44
PROD00144,2025,10,1524.56
PROD00144,2025,18,1522.62
PROD00144,2025,39,1546.66
PROD00144,2025,42,1565.82
PROD00145,2023,24,527.97
PROD00145,2024,16,536.03
PROD00145,2024,21,539.46
PROD00145,2024,22,550.39
PROD00145,2025,20,486.55
PROD00145,2025,39,499.01
PROD00146,2023,16,560.68
PROD00146,2023,18,532.0
PROD00146,2023,33,534.15
PROD00146,2023,45,496.84
PROD00146,2023,49,501.75
PROD00146,2023,50,549.27
PROD00146,2024,10,507.33
PROD00146,2024,11,502.47
PROD00146,2024,15,546.98
PROD00146,2024,25,524.84
PROD00146,2024,28,526.37
PROD00146,2024,36,535.05
PROD00146,2024,41,522.79
PROD00146,2025,7,543.07
PROD00146,2025,10,548.46
PROD00146,2025,22,516.16
PROD00146,2025,47,555.0
PROD00147,2023,27,876.59
PROD00147,2023,47,812.32
PROD00147,2023,52,883.02
PROD00147,2024,13,818.03
PROD00147,2024,27,893.63
PROD00147,2024,38,895.79
PROD00147,2025,13,835.81
PROD00147,2025,21,839.96
PROD00147,2025,22,844.11
PROD00147,2025,23,913.24
PROD00147,2025,28,917.2
PROD00147,2025,33,856.46
PROD00147,2025,50,874.0
PROD00148,2023,4,3991.5
PROD00148,2024,13,3559.41
PROD00148,2024,18,3790.19
PROD00148,2024,50,3789.85
PROD00148,2025,1,4017.57
PROD00148,2025,19,3818.0
PROD00148,2025,22,3604.73
PROD00148,2025,34,3846.29
PROD00148,2025,36,3960.43
PROD00149,2023,19,87.66
PROD00149,2023,21,88.91
PROD00149,2023,33,89.64
PROD00149,2023,36,88.69
PROD00149,2023,40,86.06
PROD00149,2023,52,90.95
PROD00149,2024,9,90.0
PROD00149,2024,16,92.34
PROD00149,2024,22,87.3
PROD00149,2024,30,90.58
PROD00149,2024,35,96.35
PROD00149,2024,40,85.55
PROD00149,2025,26,93.79
PROD00149,2025,28,91.17
PROD00149,2025,43,90.73
PROD00150,2023,5,94.41
PROD00150,2023,6,95.62
PROD00150,2023,9,95.25
PROD00150,2023,13,90.18
PROD00150,2023,33,89.9
PROD00150,2023,48,84.82
PROD00150,2024,1,90.27
PROD00150,2024,10,86.43
PROD00150,2024,20,86.45
PROD00150,2024,50,85.84
PROD00150,2024,51,85.8
PROD00150,2025,10,90.45
PROD00150,2025,22,89.59
PROD00150,2025,52,90.1
PROD00151,2023,8,203.88
PROD00151,2023,33,214.14
PROD00151,2023,49,218.11
PROD00151,2024,25,221.77
PROD00151,2024,26,209.17
PROD00151,2024,50,196.87
PROD00151,2025,7,200.94
PROD00151,2025,20,202.89
PROD00151,2025,23,205.83
PROD00151,2025,41,209.47
PROD00152,2023,1,24.65
PROD00152,2023,6,25.0
PROD00152,2023,21,25.75
PROD00152,2023,24,26.23
PROD00152,2023,36,26.33
PROD00152,2023,45,23.94
PROD00152,2023,50,23.33
PROD00152,2024,24,23.67
PROD00152,2024,25,25.3
PROD00152,2025,12,25.79
PROD00152,2025,16,26.27
PROD00152,2025,18,23.53
PROD00152,2025,24,23.69
PROD00153,2023,25,210.41
PROD00153,2023,29,207.5
PROD00153,2023,42,214.29
PROD00153,2024,5,198.45
PROD00153,2024,15,207.34
PROD00153,2025,2,223.35
PROD00153,2025,10,203.62
PROD00154,2023,2,194.58
PROD00154,2023,4,200.81
PROD00154,2023,10,197.98
PROD00154,2023,12,207.29
PROD00154,2023,44,207.71
PROD00154,2024,1,213.49
PROD00154,2024,29,208.73
PROD00154,2024,36,206.6
PROD00154,2024,43,219.48
PROD00154,2025,29,211.64
PROD00155,2023,12,186.98
PROD00155,2023,27,193.26
PROD00155,2023,41,207.5
PROD00155,2024,30,211.88
PROD00155,2025,12,208.3
PROD00156,2023,24,125.58
PROD00156,2023,28,128.9
PROD00156,2023,43,131.21
PROD00156,2024,27,132.45
PROD00156,2024,28,129.79
PROD00156,2024,50,138.53
PROD00156,2025,9,122.87
PROD00156,2025,19,126.91
PROD00156,2025,24,131.3
PROD00156,2025,27,134.36
PROD00157,2023,4,123.67
PROD00157,2023,28,126.24
PROD00157,2023,34,128.57
PROD00157,2023,35,130.42
PROD00157,2024,5,131.85
PROD00157,2024,15,132.96
PROD00157,2024,16,132.84
PROD00157,2024,17,138.41
PROD00157,2024,27,139.33
PROD00157,2025,1,129.13
PROD00157,2025,34,130.5
PROD00158,2023,2,199.42
PROD00158,2023,31,198.38
PROD00158,2025,7,201.59
PROD00158,2025,8,213.41
PROD00158,2025,14,223.28
PROD00158,2025,42,222.55
PROD00159,2023,22,130.95
PROD00159,2023,24,132.8
PROD00159,2023,47,126.39
PROD00159,2023,51,124.25
PROD00159,2024,31,130.05
PROD00159,2025,22,134.08
PROD00159,2025,33,138.64
PROD00159,2025,52,122.98
PROD00160,2023,24,23.17
PROD00160,2023,34,23.6
PROD00160,2023,41,23.91
PROD00160,2024,20,24.14
PROD00160,2024,22,25.0
PROD00160,2024,25,25.61
PROD00160,2024,46,25.77
PROD00160,2024,48,26.17
PROD00160,2025,5,25.42
PROD00161,2023,14,120.1
PROD00161,2023,46,126.84
PROD00161,2024,3,130.24
PROD00161,2024,8,131.47
PROD00161,2025,2,134.34
PROD00161,2025,5,130.76
PROD00161,2025,11,130.04
PROD00161,2025,17,132.54
PROD00161,2025,32,135.76
PROD00161,2025,37,127.78
PROD00162,2023,15,128.19
PROD00162,2023,18,131.74
PROD00162,2023,47,130.5
PROD00162,2024,31,136.49
PROD00162,2025,17,139.8
PROD00162,2025,37,124.14
PROD00162,2025,48,125.61
PROD00163,2023,11,46.55
PROD00163,2023,42,47.01
PROD00163,2023,46,47.46
PROD00163,2023,49,47.54
PROD00163,2024,19,47.73
PROD00163,2024,22,47.96
PROD00163,2024,50,46.85
PROD00163,2025,20,49.83
PROD00163,2025,27,50.37
PROD00163,2025,32,46.68
PROD00163,2025,37,49.36
PROD00163,2025,51,44.67
PROD00164,2024,27,83.17
PROD00164,2024,35,84.57
PROD00164,2025,11,85.16
PROD00164,2025,21,84.01
PROD00164,2025,23,90.0
PROD00164,2025,29,92.81
PROD00164,2025,33,93.97
PROD00164,2025,38,92.41
PROD00164,2025,48,91.71
PROD00165,2023,21,23.58
PROD00165,2024,20,23.62
PROD00165,2024,29,24.81
PROD00165,2024,31,25.95
PROD00165,2025,7,25.13
PROD00165,2025,11,26.58
PROD00165,2025,34,25.0
PROD00166,2023,6,215.05
PROD00166,2023,31,215.32
PROD00166,2023,42,199.46
PROD00166,2023,47,190.42
PROD00166,2023,49,197.26
PROD00166,2023,51,199.12
PROD00166,2024,3,198.76
PROD00166,2024,14,203.12
PROD00166,2024,15,204.11
PROD00166,2024,45,207.32
PROD00166,2025,1,208.29
PROD00166,2025,12,207.5
PROD00166,2025,18,213.3
PROD00166,2025,35,213.94
PROD00166,2025,38,210.47
PROD00166,2025,48,209.34
PROD00166,2025,52,209.14
PROD00167,2023,20,126.07
PROD00167,2023,30,130.5
PROD00167,2024,9,135.26
PROD00167,2025,16,136.96
PROD00167,2025,33,127.86
PROD00167,2025,35,125.64
PROD00167,2025,36,141.3
PROD00168,2023,42,48.32
PROD00168,2024,35,45.24
PROD00168,2024,39,47.62
PROD00168,2025,7,46.06
PROD00168,2025,13,48.04
PROD00168,2025,21,42.62
PROD00168,2025,25,47.38
PROD00168,2025,33,48.06
PROD00169,2023,6,3983.46
PROD00169,2023,28,4067.0
PROD00169,2024,52,4196.56
PROD00169,2025,37,4330.61
PROD00169,2025,51,3842.57
PROD00170,2023,12,2658.31
PROD00170,2023,30,2577.9
PROD00170,2023,33,2581.08
PROD00170,2024,1,2420.15
PROD00170,2024,7,2631.47
PROD00170,2024,16,2514.48
PROD00170,2024,29,2448.19
PROD00170,2024,42,2451.24
PROD00170,2024,45,2544.01
PROD00170,2025,12,2548.6
PROD00170,2025,14,2727.08
PROD00170,2025,45,2567.0
PROD00171,2023,9,1827.57
PROD00171,2023,25,1832.48
PROD00171,2023,43,1670.15
PROD00171,2024,5,1846.25
PROD00171,2024,38,1764.0
PROD00171,2024,41,1803.61
PROD00171,2024,50,1634.57
PROD00171,2025,16,1728.67
PROD00171,2025,31,1734.26
PROD00172,2023,1,467.49
PROD00172,2023,30,488.83
PROD00172,2023,52,493.05
PROD00172,2024,47,491.17
PROD00172,2025,2,485.12
PROD00172,2025,49,526.29
PROD00173,2023,12,4197.71
PROD00173,2023,24,3927.42
PROD00173,2023,26,4067.97
PROD00173,2023,39,3955.64
PROD00173,2024,9,3956.18
PROD00173,2024,11,4067.0
PROD00173,2024,19,3994.35
PROD00173,2024,32,4342.16
PROD00173,2025,11,4019.97
PROD00173,2025,28,4053.81
PROD00173,2025,42,4415.46
PROD00173,2025,49,4088.73
PROD00173,2025,50,4116.41
PROD00174,2023,10,2557.8
PROD00174,2023,11,2576.15
PROD00174,2023,16,2592.13
PROD00174,2023,20,2627.71
PROD00174,2023,26,2651.27
PROD00174,2024,11,2736.59
PROD00174,2024,38,2429.66
PROD00174,2024,48,2456.73
PROD00174,2024,49,2511.69
PROD00174,2025,5,2521.88
PROD00174,2025,38,2534.46
PROD00175,2023,50,890.81
PROD00175,2024,12,925.32
PROD00175,2024,21,930.24
PROD00175,2024,27,931.76
PROD00175,2024,41,916.34
PROD00175,2024,49,967.23
PROD00175,2025,5,1002.53
PROD00175,2025,39,982.9
PROD00176,2023,14,991.11
PROD00176,2024,15,879.39
PROD00176,2024,26,890.72
PROD00176,2024,38,931.0
PROD00176,2025,22,938.31
PROD00177,2023,42,1734.59
PROD00177,2023,44,1832.85
PROD00177,2024,23,1788.34
PROD00177,2024,37,1844.1
PROD00177,2024,52,1758.86
PROD00177,2025,13,1762.23
PROD00177,2025,27,1811.65
PROD00177,2025,28,1765.77
PROD00177,2025,46,1632.42
PROD00177,2025,50,1681.71
PROD00178,2023,10,972.07
PROD00178,2023,20,914.96
PROD00178,2024,9,927.13
PROD00178,2024,42,860.35
PROD00178,2024,52,934.87
PROD00178,2025,5,943.31
PROD00178,2025,13,946.64
PROD00178,2025,20,959.93
PROD00178,2025,35,894.0
PROD00178,2025,37,896.77
PROD00179,2023,22,3764.21
PROD00179,2023,41,4159.49
PROD00179,2024,24,4040.23
PROD00179,2024,50,4067.0
PROD00179,2025,13,3987.76
PROD00179,2025,22,4252.25
PROD00179,2025,49,4136.36
PROD00180,2024,22,2590.0
PROD00180,2024,25,2595.53
PROD00180,2024,31,2598.21
PROD00180,2024,52,2611.01
PROD00180,2025,4,2331.63
PROD00180,2025,9,2638.57
PROD00180,2025,31,2356.42
PROD00180,2025,35,2525.78
PROD00180,2025,38,2538.03
PROD00180,2025,39,2548.45
PROD00180,2025,45,2549.37
PROD00180,2025,52,2566.23
PROD00181,2023,3,497.46
PROD00181,2023,20,506.51
PROD00181,2023,40,450.35
PROD00181,2023,48,460.5
PROD00181,2023,51,465.65
PROD00181,2024,10,468.06
PROD00181,2024,23,467.94
PROD00181,2025,47,481.19
PROD00182,2023,35,651.35
PROD00182,2023,40,674.64
PROD00182,2024,3,678.6
PROD00182,2025,4,700.94
PROD00182,2025,5,676.7
PROD00182,2025,21,732.78
PROD00182,2025,35,709.02
PROD00182,2025,40,673.85
PROD00182,2025,45,688.26
PROD00183,2023,5,253.65
PROD00183,2023,28,247.75
PROD00183,2023,41,258.05
PROD00183,2024,2,236.32
PROD00183,2024,17,260.22
PROD00183,2024,21,240.43
PROD00183,2024,24,242.04
PROD00183,2024,45,242.75
PROD00183,2024,52,265.96
PROD00183,2025,6,244.58
PROD00183,2025,12,243.99
PROD00183,2025,28,246.1
PROD00183,2025,29,247.0
PROD00183,2025,30,247.91
PROD00183,2025,40,246.47
PROD00183,2025,49,250.75
PROD00183,2025,51,252.26
PROD00184,2023,15,241.61
PROD00184,2023,52,242.54
PROD00184,2024,8,246.29
PROD00184,2024,29,247.71
PROD00184,2024,31,249.34
PROD00184,2024,46,251.56
PROD00184,2024,47,268.27
PROD00184,2025,6,238.63
PROD00185,2023,33,1112.34
PROD00185,2023,39,1104.97
PROD00185,2023,42,1018.44
PROD00185,2023,46,1061.77
PROD00185,2024,1,1066.26
PROD00185,2024,8,1066.76
PROD00185,2024,21,1091.24
PROD00185,2024,28,1059.65
PROD00185,2024,33,1123.7
PROD00185,2024,50,1147.92
PROD00186,2023,14,477.54
PROD00186,2023,15,451.66
PROD00186,2023,17,452.33
PROD00186,2023,18,465.05
PROD00186,2023,21,466.13
PROD00186,2023,24,465.35
PROD00186,2023,51,468.83
PROD00186,2024,1,468.33
PROD00186,2024,14,468.0
PROD00186,2024,38,470.21
PROD00186,2024,49,463.56
PROD00186,2024,50,477.94
PROD00186,2025,18,428.8
PROD00186,2025,20,477.93
PROD00186,2025,47,484.96
PROD00187,2023,11,1079.0
PROD00187,2023,33,1083.9
PROD00187,2023,38,1090.81
PROD00187,2023,47,1094.8
PROD00187,2023,52,1100.09
PROD00187,2024,6,1105.28
PROD00187,2024,28,1111.11
PROD00187,2024,31,998.15
PROD00187,2024,52,1113.23
PROD00187,2025,3,998.87
PROD00187,2025,6,1127.63
PROD00187,2025,10,1038.5
PROD00187,2025,14,1042.46
PROD00187,2025,17,1042.25
PROD00187,2025,18,1060.75
PROD00187,2025,24,1069.78
PROD00187,2025,51,1074.86
PROD00188,2023,17,430.39
PROD00188,2023,19,444.96
PROD00188,2023,24,449.41
PROD00188,2023,25,455.01
PROD00188,2023,28,468.0
PROD00188,2023,36,470.78
PROD00188,2024,30,473.33
PROD00188,2025,10,473.53
PROD00188,2025,18,486.55
PROD00189,2023,1,241.65
PROD00189,2023,3,241.45
PROD00189,2023,12,243.38
PROD00189,2023,18,245.28
PROD00189,2023,31,247.0
PROD00189,2024,11,248.22
PROD00189,2024,26,249.97
PROD00189,2024,29,251.82
PROD00189,2025,12,253.75
PROD00189,2025,19,254.99
PROD00189,2025,26,225.35
PROD00190,2023,22,720.17
PROD00190,2023,33,645.4
PROD00190,2023,35,648.52
PROD00190,2024,24,655.76
PROD00190,2024,30,678.6
PROD00190,2024,33,690.94
PROD00190,2025,2,703.85
PROD00190,2025,43,645.69
PROD00190,2025,50,726.83
PROD00191,2023,5,121.9
PROD00191,2023,6,126.74
PROD00191,2023,7,128.86
PROD00191,2023,10,130.0
PROD00191,2023,23,131.41
PROD00191,2023,50,136.84
PROD00191,2024,13,126.66
PROD00191,2024,17,133.81
PROD00191,2024,39,137.5
PROD00191,2025,43,126.85
PROD00191,2025,47,131.21
PROD00192,2023,11,727.43
PROD00192,2024,18,660.58
PROD00192,2024,38,742.01
PROD00192,2025,18,671.13
PROD00192,2025,42,673.81
PROD00192,2025,50,683.39
PROD00193,2023,7,1109.31
PROD00193,2023,13,1124.94
PROD00193,2023,16,1049.74
PROD00193,2023,19,1050.11
PROD00193,2023,38,1049.72
PROD00193,2023,41,1056.53
PROD00193,2024,8,1145.49
PROD00193,2024,11,1067.56
PROD00193,2024,44,1075.45
PROD00193,2024,49,1079.0
PROD00193,2024,50,1083.94
PROD00193,2024,51,1179.2
PROD00193,2025,26,1105.53
PROD00194,2023,46,1033.43
PROD00194,2024,27,1049.59
PROD00194,2024,37,1065.38
PROD00194,2024,48,1078.19
PROD00194,2024,50,1079.81
PROD00194,2025,16,1106.7
PROD00194,2025,17,1132.24
PROD00194,2025,30,1162.91
PROD00195,2023,10,228.58
PROD00195,2024,5,231.38
PROD00195,2024,40,236.94
PROD00195,2025,12,247.0
PROD00195,2025,33,251.56
PROD00195,2025,34,254.13
PROD00195,2025,48,258.22
PROD00196,2023,14,441.98
PROD00196,2023,49,458.44
PROD00196,2023,51,464.73
PROD00196,2024,33,471.27
PROD00196,2025,16,481.78
PROD00196,2025,23,498.14
PROD00197,2023,10,730.07
PROD00197,2023,33,662.93
PROD00197,2023,51,663.22
PROD00197,2024,7,678.51
PROD00197,2024,9,678.69
PROD00197,2024,19,686.01
PROD00197,2024,27,688.61
PROD00197,2025,13,648.64
PROD00198,2023,27,1165.85
PROD00198,2023,33,1036.37
PROD00198,2023,36,1062.54
PROD00198,2023,41,1074.44
PROD00198,2023,45,1083.56
PROD00198,2024,1,1104.47
PROD00199,2023,16,1140.81
PROD00199,2023,25,1152.33
PROD00199,2023,26,1166.03
PROD00199,2023,46,1036.55
PROD00199,2024,7,1045.57
PROD00199,2024,45,1056.78
PROD00199,2025,43,1079.0
PROD00200,2023,7,1036.26
PROD00200,2023,8,1045.68
PROD00200,2023,11,1067.3
PROD00200,2024,18,1090.7
PROD00200,2025,19,1114.17
PROD00200,2025,32,1165.74
